<application>
  <component name="ExportableFileTemplateSettings">
    <default_templates>
      <template name="Utopia Screen.dart" file-name="${NAME}/${NAME}_screen" reformat="true" live-template-enabled="true">
        <template name="Utopia Screen.dart.child.0.dart" file-name="${NAME}/state/${NAME}_screen_state" reformat="true" live-template-enabled="false" />
        <template name="Utopia Screen.dart.child.1.dart" file-name="${NAME}/view/${NAME}_screen_view" reformat="true" live-template-enabled="false" />
      </template>
      <template name="Utopia Screen.dart.child.0.dart" file-name="${NAME}/state/${NAME}_screen_state" reformat="true" live-template-enabled="false" />
      <template name="Utopia Screen.dart.child.1.dart" file-name="${NAME}/view/${NAME}_screen_view" reformat="true" live-template-enabled="false" />
    </default_templates>
  </component>
</application>